{
  "id": "1198024",
  "name": "Masteroj",
  "font_family": "iconfont",
  "css_prefix_text": "icon-",
  "description": "",
  "glyphs": [
    {
      "icon_id": "7141689",
      "name": "github",
      "font_class": "github",
      "unicode": "e632",
      "unicode_decimal": 58930
    },
    {
      "icon_id": "648782",
      "name": "书",
      "font_class": "shu",
      "unicode": "e625",
      "unicode_decimal": 58917
    },
    {
      "icon_id": "780845",
      "name": "totop",
      "font_class": "yooxi",
      "unicode": "e62d",
      "unicode_decimal": 58925
    },
    {
      "icon_id": "5975885",
      "name": "任务",
      "font_class": "renwu",
      "unicode": "e635",
      "unicode_decimal": 58933
    },
    {
      "icon_id": "830922",
      "name": "更多",
      "font_class": "gengduo",
      "unicode": "e62f",
      "unicode_decimal": 58927
    },
    {
      "icon_id": "1582883",
      "name": "讨论",
      "font_class": "taolun",
      "unicode": "e643",
      "unicode_decimal": 58947
    },
    {
      "icon_id": "3216076",
      "name": "列表",
      "font_class": "icon--",
      "unicode": "e714",
      "unicode_decimal": 59156
    },
    {
      "icon_id": "2177349",
      "name": "奖杯",
      "font_class": "trophy",
      "unicode": "e723",
      "unicode_decimal": 59171
    },
    {
      "icon_id": "6539455",
      "name": "折线图",
      "font_class": "zhexiantu",
      "unicode": "e68e",
      "unicode_decimal": 59022
    },
    {
      "icon_id": "10104390",
      "name": "home",
      "font_class": "home",
      "unicode": "e6ea",
      "unicode_decimal": 59114
    },
    {
      "icon_id": "1380728",
      "name": "add",
      "font_class": "jiahao",
      "unicode": "e605",
      "unicode_decimal": 58885
    },
    {
      "icon_id": "26702",
      "name": "qq",
      "font_class": "qq",
      "unicode": "e601",
      "unicode_decimal": 58881
    },
    {
      "icon_id": "2507439",
      "name": "签名",
      "font_class": "qianming",
      "unicode": "e646",
      "unicode_decimal": 58950
    },
    {
      "icon_id": "29950",
      "name": "time",
      "font_class": "time",
      "unicode": "e65f",
      "unicode_decimal": 58975
    },
    {
      "icon_id": "1842116",
      "name": "mail",
      "font_class": "mail",
      "unicode": "e600",
      "unicode_decimal": 58880
    },
    {
      "icon_id": "749761",
      "name": "购买",
      "font_class": "goumai",
      "unicode": "e603",
      "unicode_decimal": 58883
    },
    {
      "icon_id": "7241444",
      "name": "help",
      "font_class": "help",
      "unicode": "e65a",
      "unicode_decimal": 58970
    },
    {
      "icon_id": "3050498",
      "name": "验证码",
      "font_class": "ecurityCode",
      "unicode": "e60d",
      "unicode_decimal": 58893
    },
    {
      "icon_id": "128582",
      "name": "key",
      "font_class": "key",
      "unicode": "e634",
      "unicode_decimal": 58932
    },
    {
      "icon_id": "1487403",
      "name": "user",
      "font_class": "user",
      "unicode": "e608",
      "unicode_decimal": 58888
    },
    {
      "icon_id": "1567557",
      "name": "login",
      "font_class": "login",
      "unicode": "e66a",
      "unicode_decimal": 58986
    },
    {
      "icon_id": "7372785",
      "name": "right",
      "font_class": "right",
      "unicode": "e6e9",
      "unicode_decimal": 59113
    },
    {
      "icon_id": "7214848",
      "name": "Go forward",
      "font_class": "Goforward",
      "unicode": "e6c6",
      "unicode_decimal": 59078
    },
    {
      "icon_id": "7596035",
      "name": "search",
      "font_class": "search",
      "unicode": "e622",
      "unicode_decimal": 58914
    },
    {
      "icon_id": "7155364",
      "name": "状态",
      "font_class": "zhuangtai",
      "unicode": "e655",
      "unicode_decimal": 58965
    },
    {
      "icon_id": "584826",
      "name": "运行中",
      "font_class": "yunxingzhong",
      "unicode": "e633",
      "unicode_decimal": 58931
    },
    {
      "icon_id": "1034000",
      "name": "数据",
      "font_class": "iconfontpaixingbang",
      "unicode": "e639",
      "unicode_decimal": 58937
    },
    {
      "icon_id": "3761548",
      "name": "记录",
      "font_class": "icon-test",
      "unicode": "e609",
      "unicode_decimal": 58889
    },
    {
      "icon_id": "5460559",
      "name": "问题解答",
      "font_class": "wentijieda",
      "unicode": "ec2e",
      "unicode_decimal": 60462
    },
    {
      "icon_id": "5985627",
      "name": "编辑",
      "font_class": "bianji",
      "unicode": "e61e",
      "unicode_decimal": 58910
    },
    {
      "icon_id": "8554290",
      "name": "提交",
      "font_class": "tubiao_tijiao",
      "unicode": "e63b",
      "unicode_decimal": 58939
    }
  ]
}
